{
  "accuracy": 0.43301435406698563,
  "precision_macro": 0.3652750576831604,
  "recall_macro": 0.3704730892623645,
  "f1_macro": 0.3648108792862537,
  "precision_weighted": 0.4287933468616207,
  "recall_weighted": 0.43301435406698563,
  "f1_weighted": 0.4286018178718109,
  "num_test_samples": 836,
  "per_class": {
    "Cardboard": {
      "precision": 0.897196261682243,
      "recall": 0.7933884297520661,
      "f1": 0.8421052631578947,
      "support": 121
    },
    "Glass": {
      "precision": 0.8013698630136986,
      "recall": 0.75,
      "f1": 0.7748344370860928,
      "support": 156
    },
    "Metal": {
      "precision": 0.718562874251497,
      "recall": 0.8571428571428571,
      "f1": 0.7817589576547231,
      "support": 140
    },
    "Paper": {
      "precision": 0.0,
      "recall": 0.0,
      "f1": 0.0,
      "support": 187
    },
    "Plastic": {
      "precision": 0.12796208530805686,
      "recall": 0.14516129032258066,
      "f1": 0.13602015113350127,
      "support": 186
    },
    "Trash": {
      "precision": 0.011834319526627219,
      "recall": 0.047619047619047616,
      "f1": 0.018957345971563982,
      "support": 42
    },
    "Organic": {
      "precision": 0.0,
      "recall": 0.0,
      "f1": 0.0,
      "support": 4
    }
  },
  "confusion_matrix_file": "confusion_matrix.png"
}